NEXMIF	80
ZNF292	80
ITSN1	40
EHMT1	80
OR2M4	40
PREX1	60
ZFYVE26	40
SYNGAP1	80
SCP2	40
TDO2	40
KIAA1586	60
DPYSL2	60
DPYSL3	40
SAMD11	40
ZNF18	40
MEF2C	50
RBFOX1	60
CACNA2D1	40
CACNA2D3	60
MRTFB	40
RFX3	80
SND1	40
AR	40
PRKAR1B	40
ZC3H11A	40
SPARCL1	60
AGTR2	40
GRID2IP	40
SET	60
AGAP2	60
AGAP1	40
BAZ2B	80
IQGAP3	40
GIGYF2	80
HSD11B1	40
GRIN2A	60
AGMO	40
CREBBP	80
GSTM1	40
CADM1	40
CADM2	40
LRBA	40
EXOC6B	40
NR2F1	50
ABCA7	40
GRIN2B	80
PBX1	40
AGO3	40
AGO4	60
AGO1	60
FAT1	40
HLA-DRB1	40
ACHE	60
KCNC1	40
ODF3L2	40
LRRC4	40
CTCF	80
ARHGAP5	40
LRRC1	40
MECP2	80
NIPBL	80
MED13	80
DLGAP1	60
DLGAP3	40
DLGAP2	40
NINL	60
CGNL1	60
OFD1	40
UPF2	40
GPR37	40
ACTL6B	100
KCND2	40
KCND3	40
ELOVL2	40
NIPA1	40
NIPA2	40
SLC7A5	60
SLC7A7	40
DPYD	40
KCNMA1	40
PXDN	40
POT1	40
SLC29A4	40
PAFAH1B2	40
VAMP2	100
RAPGEF4	40
KANK1	40
PTGS2	40
SLC7A3	60
GLRA2	40
BTAF1	60
LEO1	60
SPP2	40
DMD	100
ZSWIM6	100
CSMD1	40
SRSF11	60
MBD3	40
MBD4	40
ZNF462	80
MBD5	80
MBD6	40
KCNB1	80
USP9X	100
MBD1	40
USP9Y	40
FABP5	40
SNX14	100
TAOK1	80
TAOK2	60
HLA-DPB1	40
FRK	40
CASC4	40
ZBTB20	80
RORA	100
RORB	80
YY1	100
ADORA3	40
KMT5B	80
PITX1	40
CDKL5	80
RAD21L1	40
TBR1	80
FBXO11	50
EMSY	60
FOXP2	60
FOXP1	80
SLC9A6	80
SLC9A9	40
DYDC2	40
DYDC1	40
SLC27A4	40
GRIA1	60
KMT2E	70
GRIA2	60
DLX2	40
KHDRBS2	40
DLX3	60
KMT2A	80
DLX6	40
KMT2C	80
GPR85	40
STK39	40
FHIT	40
LIN7B	40
GLIS1	40
NPAS2	40
FBXO40	40
CLTCL1	40
SLCO1B3	40
CD276	40
COL28A1	40
ZBTB16	40
HTR1B	40
FBXO33	40
PTPRB	40
PTPRC	40
SON	80
DMXL2	40
NFE2L3	60
TUBGCP5	40
ADSS2	40
CNTNAP3	60
ARHGAP11B	40
CNTNAP2	70
SNAP25	40
KCNK7	40
ITGB3	60
POMT1	40
CELF4	60
PTEN	80
CELF6	40
ETFB	60
PIK3CG	40
UNC80	40
CCIN	40
CEP290	50
NEO1	40
BCAS1	40
GRID2	40
DST	40
GRID1	60
ATRX	80
HTR3C	40
VPS13B	80
HTR3A	40
PARD3B	60
GIGYF1	80
MFRP	60
ADORA2A	40
PCCA	100
IL1RAPL2	40
IL1RAPL1	40
PCCB	100
BIRC6	40
SLC25A12	40
MET	60
AHDC1	80
CNTNAP5	40
CNTNAP4	60
LRP1	60
ATP10A	60
LRP2	40
PPM1D	50
SLC25A27	40
CECR2	40
ZNF626	40
SLITRK5	60
EIF4E	40
TSPOAP1	40
NTRK1	40
TBX1	100
NTRK2	100
SLC12A5	60
NDUFA5	40
PCDH9	40
MBOAT7	80
NTRK3	40
STYK1	40
USH2A	40
MYO16	40
SYT17	40
MYO1E	40
SLC25A39	40
TMLHE	60
ST7	40
TSPAN17	40
EIF3G	40
PDCD1	40
MDGA2	40
UNC79	60
TRIM33	40
CCNK	100
JMJD1C	40
ACTB	80
C4B	40
EFR3A	60
CCDC91	40
HERC2	100
OPHN1	60
RASSF5	40
EPC2	40
EPHB2	40
SCN1A	80
SMARCC2	80
ALG6	100
NSMCE3	40
ANK2	80
ACTN4	40
ANK3	80
CSNK1E	40
KCNQ2	60
KCNQ3	60
KCTD13	40
ZNF713	40
BCORL1	100
STX1A	40
GGNBP2	60
PCDH10	40
SLC45A1	100
FOXG1	80
SDC2	40
PCDH15	40
PIK3R2	100
PCDH19	80
MED12L	50
APH1A	60
DHX30	100
TSPAN7	40
TSPAN4	40
HIVEP3	60
HIVEP2	80
SNX5	60
RAB11FIP5	40
NTNG1	50
MSR1	40
NTNG2	100
EGR3	40
INTS1	100
IQSEC2	80
ST8SIA2	60
RANBP17	60
MYO5A	60
SMARCA2	100
MED13L	80
SMARCA4	60
EXT1	40
BST1	40
POLA2	40
PTK7	60
MYO5C	40
PPP1R1B	40
WNK3	40
INTS6	60
SCN2A	80
PTPRT	40
NRP2	40
ACY1	100
GRIK5	60
GRIK3	40
ICA1	60
KIF14	60
OTUD7A	60
GRIK4	40
GRIK2	60
BRCA2	40
SYNCRIP	40
IMMP2L	40
PCM1	40
NUDCD2	60
UIMC1	40
CHAMP1	80
MUC12	40
CD38	40
RAC1	100
BBS4	40
SYN2	40
SYN1	40
CNKSR2	70
ARHGEF9	80
CSDE1	70
CYLC2	40
DEPDC5	100
PRKN	60
INPP1	40
SATB2	50
PRICKLE2	60
PRICKLE1	60
MNT	40
PAK1	100
RELN	80
SHOX	60
GPC4	60
GPC6	40
PAK2	60
LNPK	100
CCT4	60
DYNC1H1	60
GABBR2	50
PNPLA7	40
HUWE1	100
MYO9B	60
GRIN1	60
MIB1	40
PER2	60
SH3RF3	40
PER1	40
RIT2	40
KCNS3	60
SGSM3	40
CCNG1	60
EPPK1	40
OR1C1	40
UBE3C	60
GDA	40
PCDH11X	40
UBE3A	80
PHRF1	60
NR3C2	70
GRIP1	60
TBC1D31	60
KIF5C	50
SCN9A	60
PPFIA1	40
EP300	80
ARID2	50
SBF1	60
RGS7	40
KIRREL3	60
CASK	80
ERMN	40
POU3F3	100
TANC2	80
TERB2	40
GPD2	40
SCN8A	80
EEF1A2	100
WDFY3	80
TBC1D23	100
FAM92B	60
WDFY4	60
CARD11	40
PSMD12	80
YTHDC2	40
SLC1A1	40
CACNA1B	40
SLC1A2	100
CACNA1A	100
DAPP1	60
CACNA1D	60
CACNA1C	80
CACNA1F	40
CACNA1E	60
CACNA1H	60
CACNA1G	40
CACNA1I	40
RAI1	80
SNTG2	40
DEAF1	70
NXPH1	40
PRODH	70
WNT1	40
UBE2H	40
AUTS2	80
CNTN5	60
SYT1	100
CNTN6	60
VDR	40
DOLK	100
VIL1	60
AHI1	100
CYP11B1	40
GNAS	40
CNTN3	40
TCF4	80
CNTN4	60
FBN1	60
RBM27	60
RERE	80
TTC25	40
YWHAE	40
DDX3X	80
RHOXF1	40
CHD8	80
CHD7	80
OXT	40
CHD3	80
CHD2	80
CHD1	50
GPHN	60
AFF2	80
GRM5	40
CPT2	40
GRM7	40
CA6	40
ZNF385B	40
GALNT8	60
ARHGEF10	40
NUP133	40
DDX53	40
NAV2	60
TTI2	100
PEX7	40
SETBP1	80
TBC1D5	40
H2BC11	40
GNB1L	40
SCN4A	40
DIPK2A	40
ZMYND11	60
SHANK3	80
SHANK2	80
SHANK1	60
DNAH3	40
RALA	100
LAMA1	40
ASB14	40
ASAP2	60
CLN8	40
CNR1	60
TAF1C	40
ZNF804A	60
ATP2B2	60
HS3ST5	40
LAMB1	60
SSRP1	40
SOD1	40
CLCN4	50
FAM98C	40
QRICH1	60
TAF6	60
NAA15	80
TAF1	100
CYFIP1	60
NCKAP1	80
PATJ	40
TRIO	80
FRMPD4	100
MYT1L	80
TRRAP	50
SERPINE1	40
HNRNPU	80
ABAT	40
SMC3	50
ABCA13	40
MSANTD2	40
AP1S2	100
DIP2A	60
HOXA1	100
DIP2C	60
NCKAP5	40
ANKS1B	50
UNC13A	50
PRKCB	60
PRKCA	40
GABRG3	60
HCFC1	100
ABCA10	40
HECW2	60
PRKD2	60
PRKD1	100
ASTN2	60
PRR12	100
SRCAP	80
PRKDC	40
XPC	100
PCDHA1	40
RAD21	100
PCDHA5	40
PCDHA4	40
PCDHA3	40
PCDHA2	40
PCDHA9	40
PCDHA8	40
PCDHA7	40
PCDHA6	40
ACE	40
CHKB	100
DNAH10	40
DMPK	80
DNAH17	40
HOMER1	40
SETD1B	50
MTHFR	40
UPF3B	80
BRAF	80
NR1D1	40
SLC6A8	40
PAH	60
SSPO	40
CDK13	100
ADA	60
CPEB4	60
GABRB3	60
PHF3	80
PHF2	60
SETD5	80
SETD2	80
ADK	40
TCF20	80
RPS10P2-AS1	60
SLC6A1	80
SLC6A3	60
PHF8	100
SLC6A4	40
SMG6	40
CIC	80
JARID2	60
ANXA1	60
FCRL6	40
EN2	40
TET2	60
PAX6	100
ASH1L	80
PAX5	60
TERF2	60
KAT2B	60
NCOR1	60
MTF1	40
GAS2	40
EXOC3	40
EXOC6	40
EXOC5	40
PLCB1	60
NFIX	100
WDR26	100
RPL10	40
PRUNE2	40
NOTCH2NL	40
ADCY3	60
ADCY5	40
RNF135	50
NSD1	80
UBN2	60
SF3B1	40
BRD4	40
WWOX	60
GABRA4	40
GABRA3	100
ELP4	60
AGBL4	40
GATM	100
NFIA	40
NFIB	50
RLIM	100
CEP41	60
TMEM39B	40
PLCD4	40
SEMA5A	60
CHRM3	40
CTNND2	60
FMR1	80
SYAP1	40
CDH9	40
CDH8	40
RAB43	60
RIMS1	80
RIMS3	40
PAPOLG	40
MACROD2	60
LZTS2	40
PCDHAC2	40
GTF2I	40
HMGN1	60
PCDHAC1	40
TECTA	40
RAB2A	60
USP7	70
CEP135	60
DYRK1A	80
VASH1	40
ILF2	60
CACNB2	60
RALGAPB	60
DMWD	40
KAT6A	70
ZNF559	40
PHIP	80
ADNP	80
ERG	40
BRSK2	80
CUL7	60
MAGEL2	80
ANKRD11	80
CUL3	80
GLO1	40
ASMT	40
ITPR1	40
SLC38A10	60
PHB	60
PHF21A	80
TPO	40
NACC1	50
UBR5	60
ZNF548	40
DVL3	40
DRD1	40
SRGAP3	40
DRD2	40
DRD3	40
PLXNA4	60
PLXNA3	40
ESRRB	40
SLC4A10	40
TRAPPC9	60
CDK8	100
LRFN2	40
LRFN5	40
NBEA	80
SYNJ1	40
YEATS2	40
P4HA2	60
RHEB	100
REEP3	40
CNOT3	80
NF1	80
PLXNB1	60
DHCR7	80
LZTR1	80
ZNF774	40
DPP10	60
DAGLA	40
ZC3H4	60
CPZ	40
DUSP15	40
SYNE1	50
SIN3A	80
PSD3	40
HYDIN	40
TLK2	80
ADSL	80
GPX1	40
TRPC6	60
DNMT3A	80
AMT	60
SMC1A	100
PTBP2	40
ASPM	60
TRAF7	50
ZNF517	40
CNGB3	40
MCM4	40
MCM6	40
METTL26	40
CX3CR1	40
HDAC4	50
NLGN3	80
SLC24A2	40
NLGN1	60
NLGN2	80
RNF38	40
HDAC8	100
TTN	50
PLN	40
HECTD4	80
WASF1	100
NLGN4Y	40
KCNJ10	60
NLGN4X	60
KRR1	40
RNF25	40
KCNJ15	40
PTPN11	80
CDC42BPB	60
MTOR	70
BCKDK	80
P2RX5	60
ASXL3	80
LEP	40
TNRC6B	60
C12orf57	100
OXTR	60
SLC35B1	60
DIXDC1	40
RPS6KA3	50
PPP2R1B	40
RPS6KA2	40
DENR	60
VSIG4	40
BTRC	40
PDK2	40
SOX5	80
IL1R2	40
HLA-B	40
EBF3	80
HLA-A	40
HLA-G	40
OR52M1	60
CYP27A1	100
AZGP1	40
KATNAL1	40
KATNAL2	80
AKAP9	60
SIK1	100
CASZ1	60
MAOB	40
PDE1C	40
TSHZ3	80
HEPACAM	100
MAOA	40
STXBP1	80
ARX	80
CD99L2	40
TRPM1	60
NUAK1	60
SPAST	80
ZNF827	40
SCFD2	40
ATP6V0A2	40
STXBP5	60
SETDB1	40
BCL11A	80
PYHIN1	60
SETDB2	40
MSNP1AS	60
RAB39B	40
MEMO1	40
STAG1	100
CCDC88C	40
CCSER1	40
CC2D1A	60
SLC22A9	40
ROBO2	60
BICDL1	40
SLC22A15	40
XPO1	40
KRT26	40
CHMP1A	60
DNER	40
KIF13B	40
FEZF2	40
HRAS	80
TOP3B	40
AVPR1B	40
AMPD1	60
AVPR1A	60
NAALADL2	40
ALDH5A1	80
PACS2	100
PACS1	80
WAC	80
HNRNPH2	80
KPTN	100
FAM47A	40
PPP2CA	100
CUX2	50
CUX1	60
PTCHD1	80
TM4SF20	100
CTNNA3	40
APBB1	60
CTNNA2	100
TBL1X	40
DISC1	60
ARNT2	40
TM4SF19	40
ERBIN	60
LILRB2	40
MPP6	40
PRPF39	40
CAMK4	40
CTNNB1	80
TRIP12	80
APBA2	40
GALNT14	40
GALNT13	40
KDM1B	40
ZWILCH	40
HDLBP	40
CIB2	60
CMIP	40
OR2T10	40
POGZ	80
NRCAM	40
CADPS2	40
GUCY1A2	40
CHRNB3	40
DSCAM	80
TSC2	80
OCRL	100
TSC1	80
PCDHA13	40
PCDHA12	40
PCDHA11	40
PCDHA10	40
TBL1XR1	60
CMPK2	40
LMX1B	60
CTTNBP2	60
CHRNA7	60
ADRB2	40
SEZ6L2	40
DPP3	40
DPP4	40
DPP6	40
CDH22	40
EP400	60
C15orf62	40
OTX1	40
MYH10	60
MARK1	40
SMAD4	60
SMURF1	40
ESR2	40
NR4A2	80
ARHGAP32	40
TBCK	80
DLG1	40
DLG2	60
DLG4	80
CAPRIN1	60
SAE1	60
BRWD3	100
KDM5B	60
DOCK4	40
KDM5C	60
MEGF10	40
THRA	40
MEGF11	40
DOCK8	60
ELAVL2	40
ELAVL3	60
IRF2BPL	80
SGSH	100
KDM6A	60
KDM6B	80
FGA	40
RP11-1407O15.2	40
USP45	60
PLAUR	40
PPP2R5D	80
ARID1B	80
POMGNT1	80
KLF16	40
ALDH1A3	100
TRAPPC6B	100
CDH10	40
CDH11	40
CDH13	60
MYH4	40
DOCK1	40
FAN1	40
MCPH1	40
CAMK2B	100
DDC	40
USP15	60
KDM3B	80
NRXN1	80
CAMK2A	50
PON1	60
NRXN3	80
ATP1A3	50
NRXN2	80
ATP1A1	50
DLL1	50
THBS1	40
MIR137	60
MLANA	40
MUC4	40
CLASP1	60
SASH1	40
MAPK3	40
SPEN	60
TCF7L2	60
KDM4B	40
KDM4C	60
NEGR1	40
CADPS	40
MEIS2	80
PTCHD1-AS	60
CAPN12	40
KANSL1	80
HCN1	100
