DRD2	1420.9
FGFR1	926.8
MAPK3	915.7
STAR	822.7
CACNA1C	597.1
RAD51	481.9
PRKCD	439.5
SREBF1	388.5
OPN1LW	359.6
CD34	346.3
MECP2	310.3
CYP21A2	299.8
FES	286.1
CHRNB4	269.3
PPARGC1A	250.8
FLNA	246.1
GRIK3	200.3
EPHX2	192.7
HBEGF	189.8
PAM	188.1
TPR	185
MCL1	182.2
TAP1	173
NMUR2	167.7
TIE1	167.5
CCL22	159.4
NOTCH4	151.4
PJA2	145.9
NISCH	138.6
ANK3	135.1
ADD1	129.7
NEURL	127.1
HTR3B	125.1
HCFC1	122
PRMT1	116.7
HLA-DQB1	114.6
SV2B	107.8
CTNNA1	106
AGER	105.8
MAPK11	97.4
RANGAP1	91
DOCK4	90.2
GNL3	89.9
GCA	88.6
FLII	87.9
FMR1	85.7
MLC1	80.7
CD46	80.6
GRIN2A	1385
SERPING1	137.5
HLA-DQB1	114.6
CD46	80.6
SREBF1	388.5
ARNTL	359.6
CYP2D6	275.3
HLA-DQB1	114.6
HLA-DRB1	107.4
